,基金代码,基金公司,基金成立时间,净值,feature1,feature2,feature3,feature4,feature5,feature6,feature7,feature8,feature9,feature10,feature11,feature12,feature13,feature14,feature15,feature16,feature17,feature18,feature19,feature20,feature21,feature22,feature23,feature24,feature25,feature26,feature27,feature28,feature29,feature30
0,J0001,基金公司32,2021/10/28,-3.483643378,1,6,21,7,3,14.0063104,3,3,8,-0.765045925,-10.81214149,0.724486085,1,0.84800938,0.287680476,0.337285369,6,11,9,14,1.096101546,1.245983443,2,-2.562946447,4,6,12,12,2.24522696,-1.74427907
1,J0002,基金公司7,2023/4/7,-2.01121916,2,9,19,4,10,-3.581032341,1,5,10,-2.73231041,-10.59989767,0.22419596,1,1.559986361,0.420764318,0.860420328,1,1,9,3,-3.471400767,1.557628419,5,-0.183853669,6,3,11,9,2.491505767,2.959278664
2,J0003,基金公司32,2021/6/24,1.54954112,3,7,2,8,7,9.535030668,2,2,3,-1.939399882,-5.331614862,0.126068404,1,1.041532596,0.88996951,0.091118441,15,5,2,18,-0.223731795,2.230497658,19,8.76975046,7,12,21,6,2.787080936,5.513654932
3,J0004,基金公司3,2022/11/22,-3.000416018,3,20,3,9,4,-6.844948334,2,10,10,-1.3314149,-10.77816487,0.912591653,1,0.655781475,0.325410663,0.630978024,12,3,4,13,-5.377407589,0.111784599,12,4.246656241,1,11,19,3,1.531418859,5.766965363
4,J0005,基金公司4,2023/9/22,-2.388125665,1,16,8,8,1,9.637912079,1,5,3,-3.202806353,-7.160427991,0.219129503,1,1.733115288,0.254345461,0.208858056,6,5,5,14,-1.487962684,2.326857149,6,7.025243136,2,9,5,2,2.884185111,2.918918908
5,J0006,基金公司28,2022/12/1,1.142292525,3,12,13,1,11,-3.058556122,2,6,5,-5.434210332,2.509692866,0.151413607,1,1.189544212,0.265117289,0.573697823,13,11,13,6,1.172712974,2.828728193,6,2.973389698,2,10,21,11,0.868764053,-1.653544308
6,J0007,基金公司21,2023/1/1,-1.552279014,3,17,6,5,8,-0.6149644,3,9,8,-1.938594962,-6.074815522,0.630250445,1,1.59260488,0.628651528,0.823496603,11,3,8,15,-2.976936551,2.77617015,12,-2.436411338,3,1,13,6,2.463209862,4.308244173
7,J0008,基金公司24,2023/3/2,-0.940075421,1,18,6,1,14,-0.569782995,3,6,10,-7.997356993,3.354372509,0.542828553,1,1.197153397,0.936977704,0.39970451,15,10,3,20,-2.79806667,2.788075971,7,-5.338704697,5,9,3,9,2.798957827,2.576386271
8,J0009,基金公司21,2023/10/14,-3.023586586,3,13,20,7,4,6.490438324,1,3,1,-5.3894676,-9.102866252,0.093506264,1,1.984812819,0.523651936,0.382573953,16,9,14,5,-6.104039416,2.658917584,9,-0.698833581,1,8,2,5,0.457860932,4.07584707
9,J0010,基金公司30,2023/9/22,1.252512242,2,21,4,3,11,7.887317899,3,6,9,3.384228458,-7.987585107,0.357366137,1,0.103729182,0.816149568,0.05827195,11,7,2,22,-1.392475729,1.003270555,4,-3.432486854,6,12,2,10,0.130766018,1.031548254
10,J0011,基金公司39,2023/4/22,-0.209890869,1,13,14,11,14,-4.35756747,1,9,8,0.448163345,-1.238276529,0.357740123,1,1.149084128,0.0161499,0.553832331,10,8,3,7,-9.940947958,0.737025355,3,-12.83939609,3,12,20,13,1.418894803,0.070052947
11,J0012,基金公司57,2022/12/31,9.208272528,2,6,15,3,5,-3.840391148,3,8,10,0.680424827,-2.8459386,0.87447292,1,0.505107677,0.636635185,0.539123298,11,7,7,18,-1.301802777,0.011170448,10,9.411869317,5,13,10,4,2.065900343,0.517937371
12,J0013,基金公司10,2023/10/13,6.681309275,2,22,21,2,16,-3.645583897,1,3,5,-1.042664934,-2.661430942,0.645333623,1,0.465621172,0.775917873,0.606650635,11,7,12,9,0.235642231,0.614631776,15,11.77127702,5,5,8,6,1.726327081,3.621193116
13,J0014,基金公司17,2023/9/8,-5.454642566,1,22,20,6,15,9.79346858,3,7,6,2.662716774,5.270464745,0.30663376,1,0.769661389,0.968211167,0.857593565,1,11,4,5,-2.110699175,1.756445501,19,8.304303987,7,13,1,16,2.812944116,0.579301635
14,J0015,基金公司57,2022/10/14,3.935840895,3,18,9,3,1,11.40310924,3,4,10,-2.762854161,4.793122838,0.715631085,1,0.674588168,0.933948902,0.563739037,13,3,7,9,-7.174504171,2.176722214,5,-1.388134568,3,9,14,13,1.143011051,4.382006678
15,J0016,基金公司5,2023/6/18,1.181691697,3,19,20,8,15,5.621574512,1,5,3,-6.126257183,0.804219831,0.00626363,1,0.892722274,0.290030266,0.346906465,15,1,11,3,-3.160376302,1.298711212,1,5.157627875,2,16,5,5,1.236783273,2.021335518
16,J0017,基金公司58,2022/5/15,6.124645619,2,13,13,9,4,-2.990845238,1,11,10,-5.217139221,-4.417464933,0.31719593,1,1.289984676,0.610269603,0.096482237,1,2,15,22,1.695745137,0.387835502,2,5.033658116,4,15,1,5,2.726480013,1.429756555
17,J0018,基金公司38,2022/11/16,-4.990556356,3,4,15,1,3,-1.413735353,3,4,3,-2.886983796,-0.364545388,0.76473313,1,0.243341036,0.351056759,0.174468505,5,5,13,10,-5.596289002,0.783940619,3,-4.834327284,1,9,20,15,2.176367533,-1.776059722
18,J0019,基金公司50,2022/2/3,-7.847891995,1,20,4,10,1,3.093627229,2,5,10,0.062298631,-0.446221038,0.672854995,1,0.333946811,0.19703595,0.301457662,9,3,8,18,-5.871989735,2.502575747,1,2.859668832,4,14,6,9,0.247782558,0.281502586
19,J0020,基金公司33,2023/3/31,-1.042902375,3,11,11,10,14,6.200626352,3,11,11,-0.12211272,0.072723332,0.46150012,1,0.99408986,0.98102028,0.127842652,15,7,1,4,-2.759663823,0.189051701,13,2.220239854,1,16,4,4,2.209727252,3.775449237
20,J0021,基金公司59,2022/11/14,0.657553961,1,1,4,2,1,9.564980228,2,5,6,0.890473094,7.953660411,0.869716558,1,1.021715984,0.663978593,0.747179223,6,11,12,14,-3.388944631,0.413655064,11,-0.787993699,5,9,6,14,0.406185333,1.624285466
21,J0022,基金公司6,2023/5/17,0.196009914,3,9,18,6,1,10.0001131,3,6,7,-7.023154047,-2.143426416,0.108008302,1,0.033792623,0.816985291,0.618222271,5,11,5,2,1.197336568,1.848617695,21,1.977470282,2,6,12,6,1.579126886,5.370603542
22,J0023,基金公司32,2023/3/8,11.401476,3,8,15,11,6,5.650797909,1,4,5,-0.275381123,7.987112813,0.764995094,1,0.792719116,0.337308108,0.361017595,15,5,16,19,-5.357776547,2.131754626,13,-1.683531129,5,12,18,3,0.493671416,1.867315821
23,J0024,基金公司35,2022/10/14,-2.279224493,2,6,3,1,2,9.529438489,1,10,9,-3.76627751,-3.470243234,0.147851108,1,1.093890024,0.378866445,0.486954943,4,11,12,9,-1.997566102,0.816504274,10,0.207848891,6,13,4,13,2.679698596,-0.977247706
24,J0025,基金公司5,2022/8/31,-6.165975119,1,5,21,11,13,5.331065225,3,6,7,-4.443647047,4.339850378,0.706001953,1,0.124525432,0.487734276,0.102040344,12,5,14,5,-6.051813346,1.851698989,6,7.283678633,7,16,1,15,0.750845405,-0.169080976
25,J0026,基金公司31,2023/10/28,-1.5136496,2,13,1,3,7,0.479723717,3,10,5,-1.668796551,-2.109544428,0.710741241,1,1.139126389,0.603635843,0.1070986,12,9,9,17,-3.814887221,1.985239041,13,-1.669296849,5,9,22,14,0.502910465,-1.849803524
26,J0027,基金公司9,2021/7/5,10.29699103,1,21,15,3,12,14.73854893,1,8,2,-1.961087646,-6.605862743,0.281213267,1,1.906430058,0.523440304,0.740641646,2,10,3,10,-0.740986754,2.968563823,12,3.569682831,7,14,20,6,2.952291062,2.648494888
27,J0028,基金公司24,2022/11/8,-0.829211906,1,16,18,8,9,0.175557417,2,6,5,1.320625352,-2.23148092,0.132857703,1,1.397742501,0.181263904,0.273663763,4,2,12,10,-8.967587809,0.077767086,8,-1.715185603,5,3,11,16,1.942475704,4.190286233
28,J0029,基金公司24,2022/8/26,0.871559257,2,21,19,9,1,1.978305348,3,2,6,-1.712291427,-6.889024935,0.275243378,1,1.128458896,0.772840034,0.944288085,15,2,5,2,-3.383342672,0.383994072,22,-1.118005874,2,6,6,11,1.535137507,0.38883402
29,J0030,基金公司22,2022/11/22,9.43211564,3,14,3,9,15,4.160699563,1,10,2,-1.245886082,-6.720529753,0.501332665,1,1.543576443,0.45502727,0.850964677,12,3,5,12,-2.909962744,0.063816728,6,7.518335979,4,13,5,6,2.531383964,0.805863021
30,J0031,基金公司28,2023/1/3,5.602253712,3,2,22,3,5,9.550867787,2,4,6,-0.078514355,5.102820024,0.821031943,1,1.703222644,0.367750172,0.939488951,2,3,11,7,-2.814060155,1.436133082,12,1.000447496,6,3,15,12,0.977203658,3.581277924
31,J0032,基金公司10,2023/8/2,-1.307702404,3,11,3,2,8,5.170007048,3,3,9,-4.346499817,-1.294626222,0.109937904,1,1.565146592,0.150114301,0.314706351,7,11,12,13,-5.089407603,2.526560029,9,-5.561405171,3,5,1,13,0.022528484,1.818859083
32,J0033,基金公司40,2022/7/8,5.943973337,2,21,6,1,8,4.02072896,3,2,9,5.113753929,-4.708084939,0.820264738,1,0.992895316,0.016782375,0.730695229,14,7,15,8,-2.679545276,1.283021675,11,9.523023572,3,6,19,12,2.981457276,-0.885408209
33,J0034,基金公司29,2023/10/4,-1.980619677,1,6,10,2,2,10.38630574,2,11,1,0.324435739,-3.542629518,0.233358355,1,1.028029561,0.188634587,0.910940969,6,11,11,9,-7.676132375,0.366193228,12,-1.041034341,2,9,15,15,0.320110856,2.008620359
34,J0035,基金公司42,2021/6/18,-5.415728908,3,7,14,7,4,17.89218189,1,6,10,0.67054684,-5.885521046,0.590650592,1,0.41612519,0.847752998,0.688580889,5,2,5,10,-1.700209473,1.66870414,20,-10.7790151,7,2,14,14,0.256864481,4.705014566
35,J0036,基金公司16,2023/2/17,-1.095714497,3,6,13,4,7,8.105940581,1,11,10,-6.174462539,-3.880388458,0.785011373,1,0.809407355,0.984759232,0.293182706,4,11,16,14,-2.25781112,2.862601983,18,8.659244854,1,4,21,8,2.288181515,1.888843152
36,J0037,基金公司54,2023/5/23,-3.187782633,3,20,17,7,15,4.6737052,1,6,11,-0.178632483,0.989774141,0.822589844,1,0.494177079,0.754323542,0.037458709,16,1,7,2,-3.638487762,0.890885771,20,7.803371176,4,5,14,6,1.800202344,0.55227173
37,J0038,基金公司47,2021/9/18,-2.679657335,3,21,13,8,9,-4.622489454,3,6,1,-0.034220216,-0.034238376,0.002160612,1,1.944338954,0.735798066,0.552366591,11,11,15,16,-7.886613901,2.804083199,14,13.587415,5,15,12,7,2.796793865,4.81118358
38,J0039,基金公司28,2023/8/15,-3.155225185,2,22,1,3,5,-1.550207605,1,10,4,-1.753543064,-7.098624136,0.642377368,1,1.35173789,0.506442896,0.829471889,7,11,16,12,-3.095636756,2.533269065,5,-0.645796821,4,6,17,4,1.49222444,0.901454134
39,J0040,基金公司28,2022/11/9,6.579665597,3,21,2,3,7,2.562569429,1,7,7,-3.177384196,-5.793043335,0.883301275,1,1.35290682,0.930851061,0.177085947,2,4,8,9,1.282624993,2.410782184,14,-5.760428546,5,5,16,6,1.585683587,2.547595407
40,J0041,基金公司45,2022/10/9,5.660253701,2,11,7,7,5,9.280876554,3,4,10,-2.465396363,-0.481381264,0.300837864,1,1.286077901,0.389047162,0.942143249,16,4,5,10,-6.013918455,0.611947843,11,5.828689967,6,3,11,16,1.197490638,1.369266092
41,J0042,基金公司21,2022/5/9,7.661740178,1,1,2,7,16,9.456944961,2,6,11,-3.657291779,0.867896192,0.851042578,1,0.632875349,0.773788264,0.856523128,9,8,2,10,-3.94247504,0.376596422,17,9.202580041,2,13,12,8,1.479156575,2.707032259
42,J0043,基金公司50,2022/3/25,12.91769508,2,15,11,11,1,9.888557593,1,2,10,-0.698245872,-3.841079467,0.71761226,1,1.337162716,0.339808492,0.70648842,11,2,12,15,-2.04993373,2.785495947,18,10.28727061,5,8,14,3,0.084471386,0.959417849
43,J0044,基金公司42,2023/8/13,-2.5279442,3,8,22,9,3,3.908418053,1,4,10,-2.334136054,-2.647672708,0.002531236,1,1.115886392,0.601963324,0.894638633,12,11,7,4,-1.066382237,0.041352908,8,10.3074454,2,6,10,6,1.476080973,-0.471571859
44,J0045,基金公司36,2022/8/8,-4.897256487,3,17,5,2,6,9.028424579,1,6,9,-5.840304627,-0.64722137,0.463375012,1,0.451310995,0.889623245,0.808584689,13,5,12,5,-2.857409768,2.373048652,14,-2.215466226,7,2,21,11,1.905805625,0.089743211
45,J0046,基金公司28,2021/6/19,-2.644907131,3,6,1,2,7,5.795941949,3,1,6,-8.835253446,-7.262927316,0.1814175,1,1.411512782,0.429113189,0.384194127,6,9,14,3,-4.349839278,0.370992036,14,3.328642001,3,1,3,3,0.491872078,0.350516229
46,J0047,基金公司49,2023/10/11,5.837933424,1,18,10,1,7,-2.104674515,2,7,11,-3.033022037,-3.122936874,0.634508349,1,1.14787993,0.77903027,0.439046975,2,8,10,1,-2.876356045,1.0604061,15,3.389092055,5,5,3,13,2.144721189,3.611880971
47,J0048,基金公司47,2023/7/22,-2.558508227,1,5,9,1,6,6.792294069,2,8,5,-2.074067125,-0.493266361,0.160067626,1,1.052907115,0.29741523,0.220340799,5,9,6,11,-3.054168272,0.735409667,13,6.352825584,6,1,13,7,0.706653732,6.711153475
48,J0049,基金公司36,2023/10/28,7.263506478,1,21,3,6,14,-4.126121181,2,1,7,-1.299979318,-2.926293874,0.536287739,1,1.010874939,0.943851718,0.096817957,3,6,15,9,-2.611725277,2.504850398,9,11.47027171,4,14,14,3,1.97962888,3.178819937
49,J0050,基金公司1,2023/8/16,8.949501005,1,17,18,9,1,-3.636864582,1,8,7,-0.25761405,-0.907206909,0.334840492,1,0.389692497,0.276540353,0.447139072,14,5,10,12,-1.845027585,2.639759055,22,1.123119531,4,5,19,5,1.854776484,-0.291547763
50,J0051,基金公司11,2023/10/8,3.279450669,1,4,11,9,5,6.624179248,2,8,9,-2.028886001,0.211097876,0.106084269,1,0.141614554,0.699976115,0.45422408,13,6,11,7,-2.912343358,1.308687009,20,4.519290892,4,6,15,4,2.101025669,4.337155893
51,J0052,基金公司57,2021/7/31,6.890348255,1,16,5,8,14,6.933114902,3,6,10,-2.297274787,2.623300748,0.421060689,1,0.141634705,0.979008422,0.52932039,2,7,5,22,-1.511018425,0.337742355,17,-2.170703698,6,9,4,7,2.737945426,0.179792091
52,J0053,基金公司49,2022/7/29,2.807217338,2,16,5,10,5,7.612873551,2,4,1,-1.888677396,-1.065889352,0.393521375,1,0.823428017,0.640932562,0.191380969,8,9,11,12,-2.208495473,1.807398547,4,4.623164274,6,5,4,1,0.878847976,1.494899203
53,J0054,基金公司28,2023/9/26,2.348041384,1,7,9,8,4,0.455930605,2,1,7,2.98904938,-3.748930216,0.735772076,1,0.083056534,0.249243216,0.26975762,8,11,6,11,-2.824607172,2.939900973,21,-3.222574449,4,4,20,11,0.337993388,0.815368781
54,J0055,基金公司33,2023/6/29,12.5692445,1,14,1,3,14,-1.311943091,1,3,9,2.019354637,-5.766353761,0.840398604,1,0.940503462,0.651752001,0.688332745,4,10,2,18,-2.234702371,0.775768256,13,0.384333042,3,14,11,9,1.584493109,3.760001155
55,J0056,基金公司25,2023/4/1,-7.843676456,1,9,13,8,8,8.626740866,1,5,7,-1.80985665,1.870425656,0.221216669,1,1.830248191,0.319072526,0.678908661,7,5,13,13,0.673136919,1.78928705,8,-5.218347688,6,9,2,15,0.858824936,3.350908357
56,J0057,基金公司38,2022/8/19,5.668471886,2,19,4,1,8,3.243364594,2,8,8,-0.632537177,-1.599257017,0.67403497,1,1.723834364,0.46648623,0.648929987,9,10,2,13,-2.886597823,2.870228335,6,9.402194696,1,9,19,12,0.386548006,4.882756035
57,J0058,基金公司52,2023/8/15,6.29029878,1,16,13,7,1,10.81960477,1,8,4,-0.910196044,2.13185051,0.860010211,1,1.53214852,0.851668112,0.594398146,8,8,16,18,-1.287942349,2.368173498,10,2.722681057,6,4,21,15,0.990636556,-1.50761291
58,J0059,基金公司53,2023/2/6,-9.76816415,2,5,22,10,1,6.450058523,3,5,3,3.447436775,-7.91326842,0.557357697,1,0.104055112,0.929635409,0.920248113,11,11,15,2,-1.528643542,2.305849719,20,10.21903106,3,9,3,9,0.265297848,1.186724432
59,J0060,基金公司9,2023/3/13,-3.519704487,3,21,17,11,14,12.11705619,2,10,11,-5.831606108,-5.5213408,0.930651456,1,0.868734972,0.672204865,0.267213717,16,3,9,3,-3.995997311,2.330259907,15,9.712132041,2,12,15,13,2.289626773,3.902496398
60,J0061,基金公司52,2023/4/10,-3.75509072,3,13,20,5,3,11.20019556,1,11,1,1.351061787,-1.986756642,0.34899345,1,0.659066655,0.437504764,0.646598992,12,10,1,18,-1.501743491,0.648566907,10,1.989075535,4,7,8,11,2.416335715,0.033805006
61,J0062,基金公司2,2022/3/12,1.554681944,1,15,2,8,3,-3.174553912,3,8,5,-2.91697786,-4.186703774,0.336443712,1,0.009046673,0.990938482,0.472081513,2,4,7,21,-1.012211028,2.820475209,18,13.63339399,2,2,1,14,0.155637543,6.515095852
62,J0063,基金公司56,2023/10/29,-4.306791468,3,11,7,5,3,5.036618201,3,8,11,-0.350090471,-0.749894096,0.626050285,1,1.504164554,0.357888715,0.052934418,16,11,15,9,-0.615985038,1.537029621,5,-4.412221491,5,9,7,16,2.390135471,2.86048733
63,J0064,基金公司3,2023/9/25,-1.418893379,2,22,6,8,15,-9.150750027,2,9,7,-1.440405303,-4.9628102,0.306221711,1,1.562519253,0.46393623,0.055416267,13,1,4,1,2.327974925,1.79419224,18,8.115108611,4,1,19,3,0.798244271,3.54429009
64,J0065,基金公司17,2023/10/25,-0.163637886,2,10,13,1,14,9.389897315,1,2,5,-3.951813248,-11.00269356,0.365461274,1,1.337403981,0.634359817,0.936412243,15,8,7,1,-3.858627909,1.305347374,5,8.113955698,4,5,5,3,2.174391531,2.924469409
65,J0066,基金公司29,2023/3/10,1.055343461,1,19,14,3,8,-0.108654131,2,8,8,-1.97569013,-13.52134534,0.074139729,1,0.902073607,0.517574226,0.500873173,3,1,14,9,-3.648167961,1.439425605,9,-4.1622564,1,9,20,16,1.766174731,5.616966632
66,J0067,基金公司39,2021/7/22,-8.019945529,1,3,11,3,7,21.27444663,2,11,7,-3.18407232,-3.091305527,0.728728526,1,0.903494746,0.921738746,0.876433821,16,11,4,1,-4.870261166,2.404175997,12,7.62013784,7,8,8,9,1.380185317,3.475437533
67,J0068,基金公司52,2023/10/15,-2.340184223,1,16,10,9,11,2.05455289,3,9,7,0.120262906,-4.837348281,0.350406812,1,0.682751882,0.362107777,0.3005711,13,4,12,14,-4.341648383,1.951389708,7,1.175282665,4,3,8,2,0.710744002,1.106736406
68,J0069,基金公司12,2023/8/19,-5.956924702,2,14,13,4,3,1.179268078,3,7,7,-4.552114129,-1.977262891,0.238750408,1,0.149886654,0.386518029,0.532575774,12,6,8,22,-5.137708301,2.985351763,15,12.76912323,1,4,6,6,2.566822006,0.567872685
69,J0070,基金公司47,2021/11/22,1.407614424,2,18,9,7,6,1.359198915,1,9,6,0.615848462,0.032150269,0.416519178,1,1.845161214,0.681839558,0.011366292,11,2,4,15,-0.961525639,0.264253225,4,8.328252741,1,5,7,11,2.544456141,-0.841656585
70,J0071,基金公司30,2023/8/11,-0.924496228,3,20,14,6,16,-8.317263885,3,7,5,-5.03889028,-0.299750838,0.243906321,1,0.545118565,0.34396814,0.767533326,6,2,15,12,-3.431800711,1.897808527,4,7.190638474,6,5,12,3,1.827747219,-2.893525044
71,J0072,基金公司28,2022/12/29,3.429289296,3,11,9,2,15,1.707840715,2,7,7,-3.739382942,-2.21965827,0.294901935,1,1.043612191,0.813490972,0.402788894,7,11,5,22,-2.600775176,0.229417999,12,2.792401376,5,16,12,9,0.275377825,4.096802384
72,J0073,基金公司32,2023/1/16,5.947412961,2,2,14,10,2,7.129363395,2,11,3,-4.945897943,-3.659667598,0.389963266,1,1.39630696,0.521617716,0.05896553,15,11,14,7,0.216296597,2.901065008,12,6.588140058,7,16,3,12,2.671094512,2.578740469
73,J0074,基金公司5,2023/9/13,2.01318201,3,21,21,10,9,0.724257294,2,4,8,1.31502408,1.115231085,0.174918644,1,0.487969485,0.778172372,0.505451413,14,10,9,21,-0.474228522,2.801950421,16,2.621886293,4,2,6,15,0.04008025,2.857470846
74,J0075,基金公司52,2023/8/13,-6.023203144,2,17,12,6,2,5.166707757,2,2,9,-0.782200328,-3.643191111,0.341660548,1,0.967639169,0.245263587,0.09344892,3,5,9,20,-2.533163461,1.634593671,12,5.424363608,5,13,15,11,0.748286136,-0.543338374
75,J0076,基金公司29,2023/1/3,6.547154307,2,16,14,4,5,2.701936031,3,7,2,-3.593492893,-5.834964636,0.745607134,1,0.451912411,0.501121744,0.063831505,9,11,10,13,1.499134852,1.031954575,22,4.320787861,7,4,16,14,1.102332732,1.387163465
76,J0077,基金公司41,2023/10/11,-5.180273926,3,13,22,10,1,-2.01957504,2,7,10,-0.368458996,-10.33195607,0.693160584,1,0.393117162,0.907627369,0.802284637,1,6,6,9,-4.945264453,1.254196299,17,5.850208632,5,6,17,4,1.980679208,0.708040526
77,J0078,基金公司58,2023/8/16,1.094824637,3,17,12,6,6,5.878260571,3,10,6,-1.056771934,-3.068113482,0.676420938,1,0.313349013,0.496461644,0.424947485,10,4,9,9,-4.297847474,2.565416268,3,3.03054845,3,11,5,9,2.208503462,1.904185315
78,J0079,基金公司12,2023/3/7,1.175505215,1,21,22,2,5,-5.798394823,3,3,3,3.937701654,-1.908618864,0.458687451,1,0.163069178,0.971440779,0.71501002,5,1,5,15,-7.443284816,2.884367483,18,-2.97589044,7,4,20,7,2.356465577,3.778470834
79,J0080,基金公司1,2022/6/29,-5.855541648,1,21,6,4,1,5.43712505,3,3,10,-2.131951171,-3.297518955,0.851791727,1,1.807383174,0.920727117,0.232669735,4,3,8,18,-2.562359394,2.510683286,12,9.091611607,4,5,20,10,0.477857473,2.479021566
80,J0081,基金公司14,2023/7/17,1.502662941,3,15,17,9,3,4.303183857,3,9,11,-3.776326757,1.490566567,0.729852781,1,1.844634676,0.487005642,0.906046068,5,3,16,9,-4.462065691,0.741712117,16,5.042250935,5,8,20,7,1.200781663,0.021526439
81,J0082,基金公司6,2022/6/28,18.86985519,2,5,11,3,2,-4.376732207,2,10,9,0.351664206,-1.035285456,0.235815028,1,0.881563514,0.914185384,0.221358426,3,2,2,8,-0.833442457,1.195320555,7,1.524296011,3,15,17,10,1.719669593,2.293808725
82,J0083,基金公司6,2023/8/19,-4.603791111,3,9,11,5,11,7.237810155,3,6,4,-0.584461153,4.670361614,0.354500174,1,0.762832745,0.401192759,0.308211088,4,6,1,20,-3.955303423,0.61207973,12,8.023640037,6,8,5,15,2.020690806,6.030342252
83,J0084,基金公司19,2023/3/5,-3.137234162,1,21,22,11,12,9.640359839,2,8,5,4.030458275,-6.154459177,0.306600958,1,1.659191808,0.761982199,0.018608252,7,7,16,19,-5.437541231,1.959250566,20,-2.796409009,4,15,1,14,0.47067908,3.996104945
84,J0085,基金公司34,2023/4/3,2.310926369,2,2,2,3,11,-0.021587854,2,6,4,-5.251243714,-7.878170758,0.140311481,1,0.099234411,0.723617111,0.106572442,12,5,4,10,0.347879732,2.369466585,8,-8.788220669,5,13,2,7,1.822150226,0.524812588
85,J0086,基金公司46,2023/9/10,-3.252661187,3,11,20,11,15,3.667519826,3,11,4,-1.080650519,-6.924132789,0.850248063,1,0.933419985,0.392409205,0.944808475,5,7,11,10,-0.573378808,2.043857472,16,-5.464537992,4,3,22,7,2.055083412,1.650510057
86,J0087,基金公司60,2021/8/1,-1.089453208,2,21,21,1,11,5.162264271,1,3,8,-3.642078987,-2.836649804,0.320262657,1,0.917833205,0.026156951,0.025536573,4,3,4,7,-6.490080634,1.908357252,17,-8.536973368,7,9,11,12,2.592130861,-0.90835402
87,J0088,基金公司38,2023/8/13,-1.158782951,2,20,16,3,13,6.509202411,1,10,7,-4.294011155,-3.805994328,0.40536077,1,1.404089832,0.072040726,0.131866257,2,7,7,14,-6.747243296,0.017649924,12,6.376809973,7,2,22,4,1.848818743,3.495421565
88,J0089,基金公司22,2023/6/8,1.510217105,2,10,18,11,8,5.399232707,3,4,1,0.243135467,-7.548140404,0.915622619,1,0.686548358,0.616646472,0.374689167,2,4,15,17,-2.161548214,2.814535417,4,5.042186006,3,11,1,4,1.170331387,4.129307034
89,J0090,基金公司7,2023/10/11,0.700653655,2,14,4,11,13,-1.980820601,3,8,8,2.921835879,1.278222407,0.707288282,1,0.409569482,0.478677033,0.2457257,6,1,5,2,-4.767043336,0.830004761,2,-5.253966263,1,7,6,13,2.562434045,1.379803118
90,J0091,基金公司35,2023/6/25,4.866586467,2,10,5,7,15,6.12781256,2,11,5,-2.340159294,-4.507683653,0.021701361,1,1.90322483,0.095000192,0.768798011,9,5,1,4,-4.69992401,1.884606891,18,1.987030407,2,3,1,8,0.544792997,3.290237066
91,J0092,基金公司37,2022/2/21,6.89128902,3,16,17,5,5,0.544424301,1,5,9,-6.736935191,-1.590783052,0.756534567,1,1.18361899,0.916455694,0.356547125,3,1,16,1,-0.60818203,2.707804163,7,6.047421168,5,16,21,14,0.590065679,-0.518510161
92,J0093,基金公司45,2023/9/9,-1.741778447,3,14,3,2,11,-2.193759216,1,3,1,-0.999141621,-1.270966587,0.591113328,1,0.890123574,0.63746859,0.884424254,12,1,14,19,-3.44292444,0.92544063,6,0.789260828,5,2,1,16,0.846362349,2.36461005
93,J0094,基金公司14,2023/1/27,4.648051181,2,11,14,9,14,4.165496998,2,10,8,-3.837966242,-5.963593502,0.643437915,1,1.744414839,0.731674834,0.55044103,9,5,16,8,-3.504306839,1.28233239,5,0.475088515,4,13,3,15,2.953189822,4.143808714
94,J0095,基金公司60,2023/11/2,-5.287206759,2,4,9,2,10,10.59133969,1,4,1,-4.604885251,-11.65158161,0.488569214,1,0.936904657,0.922740162,0.840057621,11,11,16,11,-5.315064357,0.860440053,8,17.43498798,2,15,9,15,0.947219225,0.910395087
95,J0096,基金公司18,2023/10/8,4.214108585,2,8,7,1,2,0.873377137,3,11,9,-1.832142915,-0.035696866,0.78609744,1,0.864700607,0.167021762,0.767601456,6,1,1,6,-6.240984808,0.165326279,9,0.160235846,7,15,20,1,0.279191949,3.11698308
96,J0097,基金公司43,2023/5/18,-1.302687979,3,2,11,1,2,6.020183254,2,5,1,-3.900084032,-2.294242392,0.366495269,1,1.394338914,0.040587566,0.305612576,9,11,7,5,-0.055129466,1.505141815,7,1.049072939,3,14,4,8,1.092488344,2.859710821
97,J0098,基金公司41,2022/3/28,-0.233041073,1,10,17,4,5,-5.603207143,2,1,1,-6.866006357,-2.59319589,0.082060556,1,0.54979526,0.113631622,0.661203603,16,10,7,19,-1.581946622,1.138745759,16,5.877514421,3,4,5,1,1.465258613,4.267705389
98,J0099,基金公司13,2023/9/16,12.98199228,2,5,16,7,4,1.38457247,3,8,9,-2.466570598,-4.336675742,0.911240827,1,1.375061211,0.51163045,0.652174183,12,5,12,14,-5.341734147,0.844827212,2,5.765018075,4,9,16,9,2.402410537,2.668769833
99,J0100,基金公司54,2023/10/2,4.161906266,1,10,5,10,14,4.348841682,2,1,2,-7.671826109,-2.251602442,0.864638849,1,1.670293485,0.096932614,0.87597083,15,8,2,17,-7.633547177,2.907346876,18,-5.217911601,3,10,1,11,1.318801779,-0.559690047
100,J0101,基金公司27,2022/4/7,-4.967972303,2,20,14,8,12,1.50539382,1,4,2,-3.407620526,1.23608321,0.940586072,1,0.901138344,0.339943442,0.592338525,9,6,7,10,-0.090354661,1.43299086,12,-1.357192395,4,15,2,11,1.512701183,-0.879715964
101,J0102,基金公司42,2023/9/22,-0.563870463,3,7,21,5,1,8.270098681,1,7,2,-4.742973645,-1.447715113,0.213472458,1,1.427447307,0.37462497,0.944959304,8,11,13,10,-3.061331487,0.819261697,21,-7.900752382,2,14,20,11,1.5772786,-1.406886232
102,J0103,基金公司1,2023/4/30,-5.128995832,3,20,18,4,13,4.996844614,3,2,4,-4.242083452,6.176652119,0.220099128,1,0.32524764,0.274921886,0.613737069,9,9,10,15,-7.006769162,0.602736649,11,2.319138101,2,10,22,7,1.954925649,2.036605275
103,J0104,基金公司52,2023/7/21,-5.609511036,2,18,4,6,4,1.886846087,2,5,5,0.391101652,2.498550214,0.665275271,1,0.913321103,0.194637432,0.648765129,15,2,4,7,-2.058125759,1.078363171,12,6.052200628,6,12,14,12,1.948284885,3.37027781
104,J0105,基金公司53,2022/12/26,1.34470396,3,17,20,9,13,4.180446057,2,10,2,-5.008172383,-2.84846396,0.27563089,1,0.085569433,0.797027405,0.575587339,5,11,2,22,-2.65721796,0.593036692,4,4.161562881,1,7,11,13,2.188953042,-0.879443948
105,J0106,基金公司58,2022/5/12,1.577128536,3,17,19,9,6,11.65346682,1,11,8,-0.80195485,-1.384844901,0.797600311,1,0.81505713,0.732452466,0.422741075,2,1,13,10,0.448785653,1.276303596,16,-0.918850391,1,2,5,13,1.410506867,3.801571198
106,J0107,基金公司44,2022/12/27,-8.604900215,1,14,11,9,6,-1.988038086,2,10,5,-0.93521764,-0.470866671,0.702421015,1,0.547815932,0.672024714,0.670662628,3,4,15,15,0.57118092,0.382568359,17,1.301792556,3,8,21,3,2.637183398,-0.485868947
107,J0108,基金公司51,2022/9/8,4.892028374,2,1,9,4,1,-3.997032084,2,2,8,-5.371965024,-4.165011411,0.673104577,1,1.938570684,0.847066908,0.022586661,15,6,5,3,-0.713907225,2.772151322,15,7.550717291,2,4,10,14,1.192757108,2.449718218
108,J0109,基金公司45,2021/7/17,-4.547777652,3,10,4,3,3,-0.834058826,1,7,9,0.697273727,-11.45186353,0.107740253,1,1.937568196,0.749534023,0.091122033,8,3,1,5,-2.661216124,0.312978306,16,9.75602098,1,7,13,6,0.093017304,2.547813424
109,J0110,基金公司57,2023/9/20,7.761522096,2,10,3,5,7,-2.464983561,1,1,1,-3.008633989,-1.044993998,0.716530012,1,1.337384906,0.517095815,0.756138346,10,4,2,22,-2.616887267,1.623592868,13,-4.891510158,3,15,14,16,0.257103882,4.194995607
110,J0111,基金公司15,2023/7/3,-0.907977984,2,20,11,9,5,-6.13083399,3,11,11,-1.645691836,-10.74006902,0.563985112,1,0.639965016,0.817860067,0.243004576,3,6,6,14,-1.043497468,0.993708417,3,5.813290555,5,6,11,10,1.748719858,1.337085582
111,J0112,基金公司2,2023/8/9,1.371393852,3,10,5,9,13,10.98416487,3,2,11,-2.419693924,-2.213333688,0.523211495,1,0.31841662,0.852553051,0.278267336,5,11,9,12,-1.656469592,2.742150426,19,5.077692929,2,13,13,16,0.678184047,2.141818924
112,J0113,基金公司50,2023/4/21,-2.7977983,2,13,7,1,10,8.00040211,2,8,10,-5.365156925,-5.367343179,0.208402987,1,1.617555162,0.654143951,0.07975025,4,11,9,12,-1.812088905,1.701091126,1,-14.15362369,4,4,21,1,2.254557721,-0.761826241
113,J0114,基金公司54,2022/3/25,-3.827215217,2,13,2,4,4,-2.936456201,1,11,8,-2.396674697,-1.241709274,0.978009973,1,0.940879206,0.85133302,0.523892181,1,3,4,4,-2.444688051,2.35876596,4,-5.826616704,7,10,6,6,2.225005529,-0.832319695
114,J0115,基金公司37,2023/1/20,4.742262454,2,16,9,2,4,9.675436325,1,11,5,-4.428482522,-4.688391777,0.883111021,1,1.246219052,0.860432612,0.3349118,5,9,11,5,-5.253365082,1.922478659,21,7.216000382,4,16,12,7,2.324440033,0.301878486
115,J0116,基金公司30,2022/1/28,-0.969674514,1,21,21,7,13,16.54931985,2,8,11,-3.591489132,-6.785368648,0.137579854,1,0.334375961,0.853970602,0.074382234,8,3,14,13,0.910342509,2.507545211,18,12.39463523,7,9,1,16,2.848381141,0.631400634
116,J0117,基金公司28,2023/5/16,-2.017879339,1,9,2,11,1,4.974582861,3,4,9,-3.352051596,-11.41067268,0.884695231,1,1.237312906,0.582725818,0.402547691,9,6,11,4,-4.252199901,0.473819107,9,2.794711712,7,3,14,9,0.793451771,0.166256475
117,J0118,基金公司29,2021/8/24,-8.534574387,3,14,22,10,9,-4.560762259,1,9,4,-5.100202644,0.27451244,0.506370913,1,0.986024195,0.463113617,0.815322301,16,11,15,17,-2.616302261,0.72735233,9,3.984515171,4,10,13,14,1.556157499,3.358354264
118,J0119,基金公司3,2023/9/27,-1.564982403,1,8,16,8,2,11.02334684,3,4,7,-5.546663457,-0.113784396,0.865429706,1,1.429941658,0.249663336,0.221111838,1,10,10,21,0.606852365,2.633970965,5,1.03606503,5,9,6,9,1.518132725,1.47628803
119,J0120,基金公司28,2023/7/19,0.445485203,3,12,19,5,7,4.877819231,3,10,5,-0.075025605,-4.813217022,0.878392469,1,1.124591033,0.721535683,0.93329401,8,7,8,22,-5.560737675,0.92257876,9,-3.93785208,7,7,11,8,1.152361862,0.296610633
120,J0121,基金公司29,2023/10/12,-0.452819796,3,16,10,6,9,-3.4362179,3,11,4,-7.682068171,-2.057199329,0.207290216,1,0.424084093,0.51050157,0.970248554,11,1,10,22,-3.208192219,2.342113952,9,-3.698134503,4,1,16,13,2.991347429,2.17534091
121,J0122,基金公司56,2023/4/26,4.88627687,2,8,7,4,4,-7.370780526,1,9,1,-5.08505515,-4.071269366,0.041457204,1,0.788448974,0.738820263,0.602210809,14,7,2,20,0.203302335,2.951480934,9,3.417901854,2,14,19,1,1.934859641,4.763025869
122,J0123,基金公司5,2023/4/28,-18.56656313,1,19,16,9,14,0.800890627,1,5,5,-3.52820716,-10.63224417,0.147199324,1,1.15069694,0.131252535,0.379197927,16,10,5,6,4.604523695,2.549093859,17,7.476967758,3,13,11,3,2.885570748,-0.59216716
123,J0124,基金公司21,2022/5/8,2.81889617,3,14,19,1,3,-8.356450791,1,11,11,-3.62122359,6.718487318,0.173864581,1,0.41661323,0.285699742,0.797295491,9,4,10,13,-1.883656988,0.415910818,7,0.264482288,2,4,12,9,0.264116662,1.96201526
124,J0125,基金公司41,2023/7/26,7.616927285,3,2,14,7,10,9.033473212,3,7,9,1.674297374,0.410913834,0.960183816,1,1.540595422,0.44147546,0.130728808,14,9,1,4,0.065504122,1.804713538,5,2.982069793,6,12,6,1,1.990705628,0.21966348
125,J0126,基金公司35,2023/10/13,-3.71956594,1,15,18,6,14,-5.783173056,2,4,8,0.09215301,-3.857391375,0.092705138,1,1.008798868,0.575653956,0.205296498,3,11,7,11,1.931777275,1.184136493,5,3.150886301,2,3,8,11,1.032286587,1.614981213
126,J0127,基金公司15,2022/9/14,7.186439542,2,10,14,3,8,3.016186829,2,5,11,-5.041400832,1.988814326,0.321972734,1,0.854161672,0.31967157,0.877817873,10,2,14,14,-3.273054537,2.434699637,16,-7.674759684,5,4,19,2,1.972453327,-1.555290461
127,J0128,基金公司48,2022/12/11,-1.380522735,1,11,3,3,3,-2.535933187,3,4,7,-3.845614168,-1.335013525,0.285758614,1,1.813541471,0.641575729,0.44976672,2,5,1,4,-3.083851629,0.859203657,14,2.477137754,5,10,2,12,1.25497675,-0.708041665
128,J0129,基金公司25,2023/9/3,3.227085145,3,9,13,9,6,11.70163855,3,7,5,-0.155719369,3.906676006,0.523524357,1,1.197373721,0.835355941,0.994314625,13,9,5,11,-3.734024515,1.292288584,18,1.949193438,7,12,2,3,1.138495817,1.145258533
129,J0130,基金公司20,2023/8/28,-8.005968173,3,22,4,6,1,2.289003181,2,9,9,-0.309598824,-8.286215128,0.215013946,1,1.434683713,0.981813778,0.636975628,7,9,9,16,-6.162704039,2.771232956,11,11.84204535,5,11,22,2,2.946139351,0.694618837
130,J0131,基金公司42,2021/10/20,-4.155484144,3,6,4,9,5,0.432084188,2,5,6,-4.105919635,-11.36619157,0.371939617,1,1.782697322,0.358506765,0.030890832,15,2,7,20,-1.907092325,2.666962506,21,1.322348269,1,6,5,1,0.775813563,5.152013778
131,J0132,基金公司10,2023/8/28,-4.446552252,1,12,20,7,8,16.91138269,3,2,2,4.162144539,-5.639156652,0.947243469,1,1.849038372,0.309143725,0.014495281,1,1,9,15,-5.812446824,0.610045838,10,4.652812182,6,11,9,6,0.113628871,-1.944656166
132,J0133,基金公司45,2023/7/5,0.028394336,1,7,9,3,12,2.744666605,2,1,7,-5.363929066,-0.290743704,0.197805311,1,1.010460934,0.119548533,0.246376995,6,7,9,3,2.53857175,2.57770261,14,-0.273851777,3,14,14,2,0.77930096,1.931131919
133,J0134,基金公司36,2022/10/24,-5.308888796,2,17,10,7,10,-9.815624871,1,1,5,0.635992314,1.088540245,0.618539066,1,0.145327794,0.127906702,0.242328346,1,4,5,22,-1.811747032,2.183006393,2,0.242009044,1,16,11,1,2.971571586,3.153144385
134,J0135,基金公司24,2023/4/17,3.930064186,1,13,17,4,7,-0.21196315,3,10,1,-7.915763568,-3.898726189,0.813718237,1,1.948692263,0.185493179,0.053033641,9,6,6,19,2.16507437,0.447705112,19,-3.382602007,6,5,17,9,1.363026138,3.033418457
135,J0136,基金公司51,2023/4/12,-2.088243493,1,14,21,7,4,9.014457009,2,1,1,-1.320073136,-0.755635729,0.677816108,1,1.148841497,0.050235754,0.377569331,12,4,3,5,-0.72294555,1.363607444,10,-8.370861536,1,10,1,10,1.862051164,2.506939628
136,J0137,基金公司26,2022/8/17,-3.659561194,2,7,2,9,3,5.143452766,3,3,10,-1.929700689,4.24708709,0.292473494,1,1.257737182,0.122694354,0.729084456,16,1,7,4,0.282079208,1.229476379,5,5.647338814,2,10,16,14,2.242804678,7.07257721
137,J0138,基金公司25,2023/9/3,-1.116169462,1,20,2,3,4,0.021521827,1,10,2,-4.540672723,-4.97965534,0.462342563,1,1.319024243,0.569697939,0.462053286,12,11,5,14,-2.598997812,2.429827464,7,-2.054648629,7,5,16,15,2.524423089,6.125190793
138,J0139,基金公司51,2022/11/10,-0.346735508,1,2,15,11,10,-0.571400402,3,7,6,-2.919873748,-4.211103395,0.601352529,1,1.202612709,0.56322376,0.453823113,8,3,9,11,-9.786857319,0.932349812,7,-5.208314351,6,7,6,12,1.9498123,4.816011409
139,J0140,基金公司50,2022/9/3,2.640383952,3,10,5,10,16,4.566218636,1,4,7,-0.544720006,-8.404923986,0.538949838,1,1.315565565,0.475004872,0.08561478,5,3,4,15,-0.239861616,0.881923396,16,3.815963668,2,7,4,11,2.826523968,1.038989607
140,J0141,基金公司31,2023/1/10,-5.266060076,3,5,19,8,6,-8.253129136,3,11,4,1.85249685,-2.684202419,0.943791388,1,0.398836668,0.049228059,0.526929731,11,3,8,16,0.483261471,1.306305963,6,2.863444232,6,3,22,9,2.658877065,1.746671551
141,J0142,基金公司12,2022/12/19,-0.853648692,3,17,15,9,11,1.525691905,2,9,1,-6.022464139,-4.255339298,0.083565918,1,1.753813585,0.039673449,0.184624935,2,4,10,11,-2.372666021,2.678332643,7,7.556568363,7,1,9,12,0.585649747,1.423563384
142,J0143,基金公司44,2023/4/12,1.862117937,1,18,21,2,14,9.606282729,2,10,6,-2.943922976,2.689106802,0.555422098,1,0.796361827,0.465760535,0.596307441,7,8,12,2,-1.833516033,2.627154082,10,-0.829492744,6,15,9,7,1.703477957,1.121668746
143,J0144,基金公司2,2023/10/27,-2.220563668,3,17,11,7,11,1.587095537,3,9,7,-4.301756627,-6.015047859,0.645994369,1,1.597563362,0.000311672,0.282943928,15,3,11,5,-6.202808666,0.569469112,13,-0.541969736,2,6,13,8,0.349778055,4.038320571
144,J0145,基金公司27,2022/12/14,0.859067447,2,6,5,9,5,10.37851711,1,2,3,-3.957895676,0.913637367,0.128904076,1,1.943425284,0.983396517,0.119425027,4,8,1,15,-2.701337652,2.704022928,17,2.274731033,1,1,3,1,0.359826305,0.250999232
145,J0146,基金公司35,2023/5/11,2.664059713,2,20,7,2,9,-5.978790812,3,9,7,-2.208382139,-2.064713514,0.035362954,1,1.240536164,0.634363364,0.835616567,3,6,15,15,4.234518981,0.332773288,11,-2.296741819,2,6,7,12,1.699737877,3.011256278
146,J0147,基金公司25,2023/10/16,3.317616679,1,17,10,8,14,1.367638107,3,3,5,3.004258716,-10.17993662,0.462386268,1,1.565332851,0.601125512,0.582398655,10,3,3,4,-4.357157836,0.849925302,20,8.959695702,4,7,6,13,2.805181216,0.874872193
147,J0148,基金公司34,2023/8/23,-2.371563491,1,22,11,11,6,5.112294907,2,7,3,-8.106313615,-7.721804342,0.367839474,1,1.514433781,0.224888026,0.211105139,7,4,7,15,-1.111012657,0.990167966,12,0.426702182,6,10,11,9,1.210203176,2.735173414
148,J0149,基金公司43,2022/9/28,-2.95184416,2,17,12,8,1,6.49535875,2,7,4,-1.661791731,-1.162277427,0.888221429,1,0.558760833,0.795010281,0.486062002,12,2,13,3,-2.370360182,2.869669635,20,3.078074601,3,15,8,2,0.742445257,1.190498007
149,J0150,基金公司30,2023/9/25,2.892665547,1,14,21,1,11,2.771471989,3,4,1,-4.026070233,-4.563866565,0.043110018,1,0.482800923,0.199701258,0.007270556,10,7,14,10,-0.198304407,2.565217212,11,6.363280056,1,10,16,12,2.183415694,4.808949533
150,J0151,基金公司1,2023/9/14,-1.238283068,3,10,18,11,9,-1.120553105,2,11,7,0.990552315,4.871791201,0.715078912,1,0.19376062,0.754392638,0.36479318,14,9,13,21,-5.169335967,2.379337748,10,-0.191599898,3,4,22,5,2.158367941,1.880915329
151,J0152,基金公司26,2022/2/12,7.638797756,3,12,17,11,15,1.580567383,1,4,8,1.495136809,2.481140141,0.501059612,1,1.664874015,0.079162256,0.216880029,6,3,13,4,-1.824552295,2.538416432,12,-2.065644377,3,2,11,6,0.121976231,1.960682474
152,J0153,基金公司17,2023/6/10,-0.933609435,1,12,11,2,13,-1.874260794,3,1,3,-4.248114203,-15.19693295,0.647680342,1,1.002279173,0.324401325,0.29976891,4,1,3,6,-0.434417807,0.203395549,17,2.950967537,2,1,7,8,2.59609086,1.148362412
153,J0154,基金公司8,2022/1/19,-1.449787284,1,20,17,6,4,-1.994703582,1,3,4,-4.243007459,3.700257126,0.642564448,1,1.466663538,0.737453215,0.966733881,9,11,4,15,-2.777352056,1.787938403,2,-9.452218492,4,5,1,16,0.774932613,1.825679799
154,J0155,基金公司48,2021/10/1,-2.675664708,3,19,6,6,1,-7.176580113,2,7,5,-4.979237856,-5.33136679,0.919766848,1,0.137336825,0.885600468,0.312284134,13,5,13,16,-3.309076414,1.308848208,10,12.98408974,1,10,8,10,2.674143997,3.582183777
155,J0156,基金公司13,2023/10/8,1.664956448,1,16,19,8,6,-6.193700371,3,6,4,-4.028110537,-5.121257164,0.038391874,1,0.161909874,0.770822985,0.502019993,7,9,15,5,-1.450175419,0.388255485,8,7.951718513,5,7,6,16,0.836110192,-0.000750971
156,J0157,基金公司14,2021/12/7,3.621319482,2,8,6,10,7,-5.823948982,2,9,1,-2.978535712,-7.337972268,0.672136653,1,1.731324657,0.475997743,0.026370497,7,3,15,5,-2.876229059,0.347340389,20,-0.626294445,5,2,4,3,0.809814065,4.01062203
157,J0158,基金公司37,2022/2/5,1.461933972,2,20,21,4,3,11.05434713,2,9,4,-3.285551922,0.406583236,0.107073327,1,1.758930841,0.215390246,0.3928853,14,9,2,9,-5.131150693,0.049288245,14,-1.524392683,1,8,2,11,1.207604435,4.061031175
158,J0159,基金公司44,2022/6/9,1.065214649,1,5,19,10,16,1.235649838,1,10,7,-8.331632301,6.479721092,0.641641467,1,0.199719401,0.16936127,0.062589233,13,9,5,18,-4.322805247,2.423541529,20,4.430779833,7,13,7,4,1.88880769,4.202572226
159,J0160,基金公司7,2022/11/9,-3.866904566,2,17,1,7,9,-0.73939859,2,8,8,0.101739633,-4.500113168,0.535641794,1,0.422662629,0.024821688,0.112076854,8,3,1,7,-2.61361139,0.66217112,14,5.833013218,2,2,2,10,1.000045048,-0.581334902
160,J0161,基金公司48,2022/8/4,-2.464348034,2,13,21,4,10,5.10475319,2,3,8,-0.861494518,-12.81198758,0.657947658,1,0.190035225,0.211519726,0.746953709,7,7,6,5,-7.222571465,1.211106595,12,-1.965257545,2,9,21,1,0.90491879,2.862978378
161,J0162,基金公司1,2023/9/8,8.432397204,3,16,5,11,2,12.44115329,1,6,4,-5.927970205,-6.18377136,0.63694864,1,0.588408423,0.436976633,0.991006618,11,9,3,18,-2.302480606,1.296060209,22,3.239973451,2,15,14,12,0.54641842,1.037217888
162,J0163,基金公司27,2022/11/5,2.282245461,1,15,13,2,14,-1.593420685,3,2,9,2.604218746,-6.293698744,0.681157088,1,0.47491455,0.863786462,0.613213664,3,4,2,14,-1.282587354,0.577563052,21,4.482764351,1,2,6,5,0.916817964,1.210265941
163,J0164,基金公司24,2023/8/17,-3.865916805,1,12,11,7,11,5.559055374,1,3,7,-7.955821937,-1.044415305,0.367794504,1,1.981561866,0.276575823,0.304571913,13,5,11,8,-3.580099763,0.795331233,7,-6.472989122,6,11,6,2,0.184377858,2.506726639
164,J0165,基金公司52,2022/9/30,0.824496724,1,8,12,1,1,7.309392566,2,2,10,-1.75854701,1.506065129,0.234107499,1,0.427621813,0.44009172,0.787667338,5,2,8,20,-3.441966181,1.303423971,7,2.306429032,2,10,18,5,0.466233071,3.704934688
165,J0166,基金公司2,2023/10/25,-2.954852157,3,21,20,4,11,6.938581995,1,10,8,0.722928433,-3.599466179,0.687060275,1,0.278921838,0.962923503,0.871897711,4,8,13,10,-1.275346795,2.343455393,11,5.978928703,1,1,8,14,0.325121716,2.258629015
166,J0167,基金公司20,2022/10/8,1.303630348,3,15,4,3,13,16.12442474,2,1,5,-0.768755469,-8.415129934,0.591358961,1,0.69760876,0.718469898,0.682677612,10,9,4,16,-9.854052253,1.267166463,22,5.091861015,6,16,9,3,0.299038475,2.153915403
167,J0168,基金公司44,2023/9/7,3.648548308,1,19,21,3,6,4.83807783,2,11,6,1.444055026,-0.974237042,0.455688971,1,1.595704599,0.399738318,0.408261641,9,2,1,16,0.567625213,1.937916541,21,-6.592637363,3,11,6,2,1.475228732,4.889692279
168,J0169,基金公司21,2023/7/11,1.085856555,1,16,7,1,8,-0.731263371,2,4,2,-3.983310876,-6.565850309,0.509129052,1,0.446739782,0.298666614,0.997749535,7,1,1,8,-5.913707243,2.209758435,2,2.762398269,2,14,6,2,2.438050914,2.833171717
169,J0170,基金公司3,2022/8/18,6.401433204,1,16,4,5,1,6.858985481,2,3,3,2.568865278,-2.696989249,0.940799,1,0.85970657,0.423522867,0.823917999,6,1,3,9,-6.116562549,0.33346475,18,-1.047509094,6,4,5,8,2.739307774,2.772517151
170,J0171,基金公司29,2022/3/2,-2.929212291,1,3,9,9,5,-15.24142526,3,7,9,-1.922463549,-3.901546414,0.826703516,1,0.179380809,0.5340608,0.002804869,13,2,5,9,-2.036821135,1.210984083,13,8.386458271,4,10,6,2,1.952897283,1.790867659
171,J0172,基金公司30,2023/4/9,1.158295609,3,10,8,8,7,1.885651797,1,7,2,-2.928195897,-8.136683801,0.60141786,1,1.246014271,0.673713547,0.310767807,9,6,10,6,-7.093701558,0.79296753,14,10.07964826,7,10,5,10,1.065425135,2.710014119
172,J0173,基金公司48,2023/3/8,2.249601349,2,10,5,10,11,-1.46375123,3,2,5,-2.577689663,-8.607400367,0.825119553,1,0.051437648,0.117647088,0.922771005,14,3,4,8,-5.661946,2.358989458,18,2.570636805,7,11,15,2,1.328210235,0.513654058
173,J0174,基金公司22,2023/8/13,8.958645,3,7,17,8,5,-7.55574669,2,3,1,-2.502890955,-11.6857816,0.608252526,1,0.591620102,0.028211144,0.722562612,3,4,5,12,-2.169345685,0.909365184,1,-1.453428473,6,11,11,9,1.47136698,1.201850725
174,J0175,基金公司11,2023/7/7,-9.549851861,2,11,17,6,2,-7.857061014,3,7,4,0.008913134,-4.461810483,0.012241707,1,0.068902462,0.606289001,0.895209878,2,1,14,17,0.78546946,1.665623036,1,2.980366055,2,8,17,10,1.534319994,0.049453177
175,J0176,基金公司28,2023/4/29,-3.588185082,3,2,12,2,16,13.1258887,3,9,4,-8.244509258,0.178129672,0.076520856,1,0.369808819,0.945973275,0.366027081,12,9,12,19,-3.489680306,0.807856343,2,5.243220273,1,2,7,2,0.314256463,3.049849117
176,J0177,基金公司3,2022/4/7,10.95297812,1,19,6,7,4,6.772563445,2,3,7,-1.345714175,-9.257534181,0.939073661,1,1.662000111,0.070333298,0.534595264,3,1,12,21,-1.318849252,1.626124188,9,-6.302485223,6,16,21,11,2.09519388,1.939691818
177,J0178,基金公司31,2021/8/17,-4.255214048,2,11,17,5,5,8.491425096,2,5,3,-6.347641504,-1.771210352,0.122509044,1,0.860012491,0.150201115,0.402026954,3,3,12,11,-3.070460199,2.165670598,8,0.212311162,4,15,6,9,0.740282577,4.591538858
178,J0179,基金公司1,2023/10/10,1.576009283,1,10,10,11,13,0.364425633,1,2,3,-5.865032616,-1.27014391,0.33924142,1,1.804799305,0.202999475,0.521587817,16,2,16,6,-4.264057046,1.067098486,17,-9.984862019,1,5,19,16,0.993307609,-4.541482434
179,J0180,基金公司6,2023/10/9,0.019355293,1,11,20,1,13,7.526564775,1,11,9,-1.366861981,-0.800100879,0.488865584,1,0.947557115,0.315424711,0.163202557,16,3,13,9,-6.302321259,0.084278861,6,6.27907003,7,5,5,16,1.122916888,4.520218858
180,J0181,基金公司41,2023/10/6,6.823991427,2,14,16,9,3,2.604175704,1,8,3,-1.065260787,-3.275739829,0.92405866,1,0.521271988,0.789747594,0.769010721,6,8,3,9,-3.982947676,2.141664985,2,5.081317618,7,10,4,14,0.011856552,-1.683904986
181,J0182,基金公司33,2023/1/4,4.485812028,3,11,17,7,9,0.248904712,2,3,8,1.722112064,-6.974913407,0.611129796,1,1.526541751,0.28817301,0.159030899,14,8,12,12,-4.589234458,0.80518412,1,6.042601614,5,5,3,11,1.389669025,2.506028721
182,J0183,基金公司48,2023/2/6,-1.748065627,3,6,22,6,8,5.434714566,2,5,10,-2.530006626,-6.614911297,0.019323256,1,1.594465388,0.289832542,0.695133663,12,2,13,20,-9.991758411,2.385485722,15,5.842416743,2,4,6,6,2.709190589,2.074992407
183,J0184,基金公司48,2023/9/5,13.76099444,2,12,22,9,8,6.464424444,3,9,3,-2.585307633,-0.863536702,0.881773158,1,1.186743747,0.860523119,0.34774371,1,10,3,10,-8.1114719,1.670698188,6,12.43041659,3,6,7,2,0.751682964,-0.621606605
184,J0185,基金公司17,2023/3/31,-4.54293468,1,12,9,11,4,7.553160875,2,3,4,-4.246625849,-5.311739441,0.831758218,1,0.609575681,0.761523058,0.128372979,14,2,12,9,-2.412790423,0.397520011,10,5.637991634,6,4,11,2,2.415051263,1.722978048
185,J0186,基金公司48,2023/2/11,4.767273669,2,10,5,9,15,5.925010407,2,7,10,-4.108789946,-5.132608767,0.957800859,1,0.237970425,0.664703591,0.03583967,6,8,4,8,1.16136069,2.697313647,9,9.875117868,3,7,6,4,2.719805009,-0.314175735
186,J0187,基金公司26,2023/6/18,-7.029744383,2,3,3,11,7,12.28911206,1,1,6,-2.658706672,-6.237517594,0.294201899,1,1.272064722,0.823945099,0.016574937,13,7,5,18,-3.836081141,2.109418798,19,8.418178226,4,7,19,15,0.703611248,4.490269288
187,J0188,基金公司13,2023/10/5,-6.968482693,1,1,5,8,3,1.923989428,1,4,7,3.113636738,-7.020702828,0.605997056,1,1.384397124,0.426825328,0.342059833,9,10,10,21,-2.314595064,2.764292636,6,-6.282517881,4,16,19,2,2.276374398,0.111878162
188,J0189,基金公司14,2021/12/4,11.53014987,3,10,16,9,15,-2.156627364,1,1,5,0.346383935,-4.491709772,0.368817354,1,1.875637834,0.293871853,0.089824268,3,4,16,5,-3.090833087,2.400745976,2,0.546304395,4,14,10,16,2.585544657,0.966511804
189,J0190,基金公司18,2023/10/24,-3.838063671,1,6,16,6,11,7.176524428,3,7,2,-1.706023879,-10.40049877,0.591443891,1,0.640538298,0.553266833,0.362922647,3,6,14,20,-5.024271087,2.985839963,5,12.98079538,7,2,8,1,2.791920225,1.25248397
190,J0191,基金公司47,2023/1/22,-10.98317019,3,14,19,2,7,-8.569269856,2,9,8,-0.569977679,-8.881957045,0.473448467,1,1.059126171,0.401563202,0.12792963,1,11,2,22,-3.700922259,0.599362669,17,8.100950059,3,4,4,9,0.59639019,3.964141632
191,J0192,基金公司24,2023/6/18,3.795497564,2,8,20,4,2,3.979927293,3,3,10,-9.659894535,-4.390849319,0.796355977,1,1.233517326,0.235897222,0.037537754,7,7,6,10,-2.640599282,1.90375831,14,3.787675105,1,7,10,13,1.620479822,6.217077276
192,J0193,基金公司16,2023/5/13,0.456124131,2,8,17,1,5,7.436880365,3,1,1,-2.01248895,-0.481171364,0.518833884,1,0.093739259,0.509651172,0.791162909,1,10,4,10,-8.301379722,2.932497459,2,2.74194786,3,8,13,7,2.539817747,2.511997528
193,J0194,基金公司7,2023/6/25,-9.021850057,1,21,1,6,3,0.57677023,2,9,4,-2.097640372,-9.696992007,0.250336321,1,1.451987885,0.52907421,0.49933187,8,6,1,3,-4.257779832,2.189329566,20,6.604046972,4,11,6,10,0.041697216,1.798205573
194,J0195,基金公司34,2023/9/9,-2.371832168,1,11,5,10,11,-1.18594388,2,7,5,0.193591219,3.478798937,0.092571489,1,1.263777754,0.387334063,0.477641101,5,1,8,5,-6.336916037,1.036843498,2,-3.429568066,7,14,12,10,0.996072998,0.86205511
195,J0196,基金公司35,2021/7/18,8.075655166,3,17,13,5,2,-1.537449111,1,11,9,-3.25817792,-1.127255285,0.09619921,1,1.661528936,0.703825136,0.882476899,7,5,7,1,-0.507167939,2.743177943,4,1.089918114,6,4,16,9,2.421197501,2.11269989
196,J0197,基金公司18,2022/10/22,7.724697415,3,16,13,9,11,-3.686967574,3,1,3,-7.03641046,-2.87487809,0.692710682,1,0.656668641,0.541960553,0.059135278,8,2,9,21,-1.198003024,2.334405492,19,8.574799112,5,12,19,3,1.660911649,2.566121968
197,J0198,基金公司21,2023/8/10,-1.767100969,2,19,17,1,3,11.25684561,1,1,8,-1.879918363,-3.030530811,0.109784006,1,1.683306403,0.210571195,0.52347492,14,9,6,15,-3.506288747,2.426243232,15,1.991773583,1,13,14,1,1.058830767,3.223790522
198,J0199,基金公司4,2022/8/9,-2.661014584,2,18,21,3,13,-1.866035653,3,3,7,-2.426850356,-2.190976019,0.992391811,1,0.68675249,0.715110823,0.541416331,10,9,15,21,-3.763525239,0.32115586,4,5.030489444,7,6,2,14,1.967276979,1.086927604
199,J0200,基金公司15,2023/9/6,4.231475045,2,18,14,1,2,4.948720634,1,7,8,-3.60082775,-0.916708785,0.984464207,1,1.658839245,0.791435069,0.033352445,8,10,12,5,-8.055721539,2.878835415,11,2.088042029,2,6,2,12,2.728489963,1.040777324
